{"cameraMode":{"drawMode":0,"name":"Shaded","section":"Shading Mode"},"sceneLighting":true,"audioPlay":false,"sceneViewState":{"m_AlwaysRefresh":false,"showFog":true,"showSkybox":true,"showFlares":true,"showImageEffects":true,"showParticleSystems":true,"showVisualEffectGraphs":true,"m_FxEnabled":true},"in2DMode":false,"pivot":{"x":0.21359968185424806,"y":0.7962746620178223,"z":0.20591634511947633},"rotation":{"x":-0.09618167579174042,"y":0.5253190398216248,"z":-0.05991276353597641,"w":-0.84332674741745},"size":1.0504108667373658,"orthographic":false}