{"cameraMode":{"drawMode":0,"name":"Shaded","section":"Shading Mode"},"sceneLighting":true,"audioPlay":false,"sceneViewState":{"m_AlwaysRefresh":false,"showFog":true,"showSkybox":true,"showFlares":true,"showImageEffects":true,"showParticleSystems":true,"showVisualEffectGraphs":true,"m_FxEnabled":true},"in2DMode":false,"pivot":{"x":-1.2893961668014527,"y":1.3422009944915772,"z":0.05382803827524185},"rotation":{"x":-0.06311972439289093,"y":-0.3035842180252075,"z":0.02015991322696209,"w":-0.9505004286766052},"size":1.0468345880508423,"orthographic":false}